epoch,phase,steps,nr_games,average_reward,min_game_reward,max_game_reward,last_exploration_rate,total_train_steps,replay_memory_count,meanq,meancost,weight_updates,total_time,epoch_time,steps_per_second
0,random,50000,355,1137.971830985916,248,2848,1,0,53543,0.000158787,0,0,5.510261,5.51018,9074.113731311863
1,train,250000,1837,1118.7566684812186,104,4028,0.7506259975,250000,321973,47.6261,141.50962007709123,62500,658.864363,653.3004480000001,382.67232291871926
1,test,125000,59,1600.2711864406783,348,3548,0.00125,250000,447578,48.3193,0,62500,864.826878,205.84492699999998,607.2532455463428
2,train,250000,1651,1373.904300423985,116,5220,0.5012509975,500000,714049,93.3895,64.062358743240878,125000,1614.753927,749.9249599999999,333.3666877816682
2,test,125000,81,1910.4691358024688,472,6348,0.00125,500000,839892,92.7307,0,125000,1821.860313,206.98484499999995,603.9089480198419
3,train,250000,1408,1728.4289772727273,264,5328,0.2518759974999999,750000,1000000,144.742,57.514915216957107,187500,2658.892455,837.0302490000001,298.6749885068968
3,test,125000,57,2165.052631578947,812,5452,0.00125,750000,1000000,144.906,0,187500,2865.371489,206.3614660000003,605.7332428526158
4,train,250000,1153,2132.4648742411105,264,7116,0.0025009974999999907,1000000,1000000,219.327,57.782817346641423,250000,3801.502042,936.128647,267.0573118354747
4,test,125000,67,2638.268656716418,648,7600,0.00125,1000000,1000000,219.924,0,250000,4009.459897,207.83903200000032,601.4269735436403
5,train,250000,724,2606.6740331491706,388,7284,0.0025,1250000,1000000,304.519,58.684101449193903,312500,4998.135384,988.6735240000003,252.8640586920379
5,test,125000,105,2554.9333333333325,540,6692,0.00125,1250000,1000000,298.532,0,312500,5200.546484,202.29161700000077,617.9198221545657
6,train,250000,681,2894.361233480175,268,10220,0.0025,1500000,1000000,335.472,53.17852675672934,375000,6170.577603,970.0292300000001,257.72419249675596
6,test,125000,63,3064.0,616,6224,0.00125,1500000,1000000,334.273,0,375000,6374.324026,203.62900799999989,613.8614592671397
7,train,250000,653,3319.8897396630896,540,11908,0.0025,1750000,1000000,362.574,48.092572788482968,437500,7343.425836,969.0999180000008,257.9713354180676
7,test,125000,220,3595.036363636365,700,10512,0.00125,1750000,1000000,363.443,0,437500,7547.708381,204.16500200000064,612.2498899199169
8,train,250000,456,3868.5877192982466,436,12060,0.0025,2000000,1000000,395.553,54.211646840305264,500000,8601.740699000002,1054.0304510000005,237.18479837353377
8,test,125000,49,3863.428571428571,424,9772,0.00125,2000000,1000000,404.793,0,500000,8804.367892,202.50964699999895,617.2545449155845
9,train,250000,526,4181.543726235743,824,14052,0.0025,2250000,1000000,479.22,49.70637983184583,562500,9770.717351000001,966.3475820000003,258.70608532241346
9,test,125000,77,3624.3116883116872,324,8080,0.00125,2250000,1000000,474.214,0,562500,9973.121261,202.2862100000002,617.9363388141974
10,train,250000,566,4353.038869257945,576,14056,0.0025,2500000,1000000,514.888,51.433435098210353,625000,10938.579412000001,965.4562939999996,258.94491708601373
10,test,125000,237,4628.4725738396655,696,14976,0.00125,2500000,1000000,509.366,0,625000,11141.673961,202.9770150000004,615.8332755065876
11,train,250000,483,5098.691511387156,948,17072,0.0025,2750000,1000000,495.383,60.895862752856274,687500,12107.229651000001,965.5538130000004,258.91876416835186
11,test,125000,38,8245.36842105263,1748,16424,0.00125,2750000,1000000,507.583,0,687500,12309.307545000001,201.96078900000066,618.9320244733228
12,train,250000,417,5773.592326139086,312,17020,0.0025,3000000,1000000,635.525,61.185679695640957,750000,13274.431103,965.121681999999,259.0346944459178
12,test,125000,30,5393.599999999999,968,14404,0.00125,3000000,1000000,649.97,0,750000,13476.793529,202.2452089999988,618.0616125250252
13,train,250000,463,5956.812095032398,56,17908,0.0025,3250000,1000000,626.532,55.622825076223613,812500,14442.206953,965.4115149999998,258.95692781331707
13,test,125000,94,4606.3829787234035,876,10684,0.00125,3250000,1000000,630.595,0,812500,14644.539254000001,202.2141329999995,618.1565954146257
14,train,250000,435,5907.733333333333,560,16912,0.0025,3500000,1000000,789.38,59.611550703429415,875000,15609.2085,964.6673919999994,259.1566814357504
14,test,125000,47,5210.723404255319,1744,13480,0.00125,3500000,1000000,780.374,0,875000,15811.477027,202.15032799999972,618.3517050736626
15,train,250000,422,6291.649289099528,1020,24808,0.0025,3750000,1000000,772.879,61.137449587499823,937500,16777.069515,965.5906459999987,258.9088875660052
15,test,125000,175,5717.531428571427,1284,13852,0.00125,3750000,1000000,773.953,0,937500,16980.299594,203.1133329999975,615.4199635924517
16,train,250000,449,6628.570155902001,1284,26344,0.0025,4000000,1000000,842.608,63.493782036849069,1000000,17946.057927,965.7564569999995,258.8644354256698
16,test,125000,56,6155.5,928,12244,0.00125,4000000,1000000,844.553,0,1000000,18149.032456,202.85602500000095,616.2005787109326
17,train,250000,386,7607.430051813467,1124,33780,0.0025,4250000,1000000,863.707,71.205460535687607,1062500,19113.297851,964.2635309999969,259.26522362692236
17,test,125000,100,6932.44,1368,17144,0.00125,4250000,1000000,863.282,0,1062500,19315.322978,201.9074789999977,619.0954422248094
18,train,250000,379,6732.41160949868,244,22400,0.0025,4500000,1000000,935.443,74.649378797628586,1125000,20279.077572000002,963.7527279999995,259.40263797624254
18,test,125000,74,7969.783783783784,1444,27252,0.00125,4500000,1000000,959.232,0,1125000,20481.710705,202.51621700000032,617.2345200384609
19,train,250000,291,7897.45704467354,152,30196,0.0025,4750000,1000000,929.945,64.490823905345863,1187500,21445.363937000002,963.6514029999998,259.42991337086244
19,test,125000,123,8639.056910569105,1384,27244,0.00125,4750000,1000000,946.152,0,1187500,21647.958321000002,202.47604499999943,617.3569816617089
20,train,250000,327,8904.281345565749,1356,27172,0.0025,5000000,1000000,1086.27,67.914990168678386,1250000,22612.39354,964.4333829999996,259.2195629130354
20,test,125000,41,10798.341463414632,2776,29672,0.00125,5000000,1000000,1067.33,0,1250000,22814.423839,201.91272599999866,619.0793541165941
21,train,250000,356,9063.730337078658,1356,31936,0.0025,5250000,1000000,1073.4,64.948052082281947,1312500,23779.652384,965.2266000000018,259.006537946633
21,test,125000,135,11553.066666666658,2872,32008,0.00125,5250000,1000000,1083.41,0,1312500,23983.059743,203.2902549999999,614.8843681660986
22,train,250000,336,9774.80952380953,28,32584,0.0025,5500000,1000000,1170.8,77.969109365326148,1375000,24947.655671,964.5940569999984,259.1763842890859
22,test,125000,121,10643.239669421488,1368,30432,0.00125,5500000,1000000,1174.52,0,1375000,25150.681774,202.909638000001,616.0377655397492
23,train,250000,314,10806.038216560512,1640,34428,0.0025,5750000,1000000,1363.29,83.255930918626063,1437500,26115.753079000002,965.069442,259.04871620626864
23,test,125000,84,13329.285714285717,1992,36128,0.00125,5750000,1000000,1370.37,0,1437500,26319.031311000002,203.16099800000302,615.2755756791377
24,train,250000,326,10440.57668711656,624,36144,0.0025,6000000,1000000,1427.99,92.15853113378563,1500000,27284.890255000002,965.8571169999996,258.8374570107352
24,test,125000,66,11511.454545454544,720,35132,0.00125,6000000,1000000,1435.83,0,1500000,27488.042555,203.0349709999973,615.6574869065372
25,train,250000,301,10070.405315614624,620,36280,0.0025,6250000,1000000,1497.68,80.786402649249041,1562500,28452.635588,964.5911840000008,259.17715623658427
25,test,125000,136,9960.999999999998,732,34384,0.00125,6250000,1000000,1506.57,0,1562500,28655.716238,202.96155599999838,615.8801817621116
26,train,250000,283,10776.692579505288,16,34876,0.0025,6500000,1000000,1515.89,79.572611080272011,1625000,29619.311881,963.5937940000003,259.4454235349713
26,test,125000,64,11706.4375,2548,32352,0.00125,6500000,1000000,1494.85,0,1625000,29821.618402,202.18950299999779,618.2318970337514
27,train,250000,310,9755.896774193538,1032,27400,0.0025,6750000,1000000,1505.34,75.927256213663654,1687500,30785.960435,964.3401760000015,259.24461743051927
27,test,125000,69,10229.797101449278,776,31556,0.00125,6750000,1000000,1504.28,0,1687500,30988.681963,202.6042239999988,616.9664063864766
28,train,250000,267,11704.434456928839,1080,32092,0.0025,7000000,1000000,1372.37,71.851985221917374,1750000,31953.249373000002,964.5655460000016,259.1840451244975
28,test,125000,89,11012.359550561801,1512,26012,0.00125,7000000,1000000,1373.19,0,1750000,32156.27535,202.90811199999735,616.042398541472
29,train,250000,283,11799.053003533567,1312,36200,0.0025,7250000,1000000,1466.73,67.876226325724303,1812500,33182.198639999995,1025.9214769999962,243.68336720179698
29,test,125000,70,12204.514285714284,1400,31988,0.00125,7250000,1000000,1459.28,0,1812500,33397.949566999996,215.617886,579.7292716245256
30,train,250000,288,11303.305555555557,1320,59908,0.0025,7500000,1000000,1573.2,72.133073330520546,1875000,34480.730245,1082.7788379999984,230.88740860670606
30,test,125000,58,11779.310344827585,1452,26532,0.00125,7500000,1000000,1590.69,0,1875000,34704.589283999994,223.72973099999945,558.7098301208806
31,train,250000,204,12050.90196078431,140,35816,0.0025,7750000,1000000,1559.79,65.751661918004388,1937500,35669.022468999996,964.4313079999993,259.2201206309244
31,test,125000,84,9065.285714285714,688,25440,0.00125,7750000,1000000,1531.23,0,1937500,35871.062594999996,201.9201749999993,619.0565157741194
32,train,250000,220,11090.600000000008,744,32868,0.0025,8000000,1000000,1536.78,58.555033018386759,2000000,36835.181484999994,964.117044999999,259.3046158622787
32,test,125000,49,8941.714285714286,1476,27448,0.00125,8000000,1000000,1528.53,0,2000000,37037.198781,201.89867900000536,619.122426254194
33,train,250000,249,10893.18875502008,1168,36176,0.0025,8250000,1000000,1525.25,53.007064328630271,2062500,38001.230231999994,964.0296390000003,259.32812632122807
33,test,125000,100,8952.000000000005,580,22900,0.00125,8250000,1000000,1558.75,0,2062500,38203.946823,202.59801800000423,616.9853053547513
34,train,250000,289,10673.287197231839,292,35572,0.0025,8500000,1000000,1568.3,54.500707523975123,2125000,39168.677984999995,964.7293089999948,259.14004857916194
34,test,125000,68,10031.529411764704,1504,24748,0.00125,8500000,1000000,1549.07,0,2125000,39371.103025,202.3067549999978,617.8735850911224
35,train,250000,294,10700.32653061224,1068,36444,0.0025,8750000,1000000,1614.66,56.928296519000192,2187500,40335.156865,964.0520120000001,259.3221080275075
35,test,125000,68,10067.411764705885,2180,26320,0.00125,8750000,1000000,1645.77,0,2187500,40537.391788,202.11764600000606,618.4516912491463
36,train,250000,280,13048.15714285715,1464,44764,0.0025,9000000,1000000,1791.07,63.590236644281731,2250000,41501.962203999996,964.568597999998,259.18322503797754
36,test,125000,94,9731.702127659571,572,30376,0.00125,9000000,1000000,1784.32,0,2250000,41704.155414,202.07515800000692,618.5817259140567
37,train,250000,259,12525.467181467176,696,36072,0.0025,9250000,1000000,1738.79,60.294764356390154,2312500,42668.69532,964.538069000002,259.19142855521596
37,test,125000,68,12265.235294117649,2384,32520,0.00125,9250000,1000000,1728.96,0,2312500,42871.072906999994,202.26001099999849,618.0163809048786
38,train,250000,282,11593.191489361714,752,46780,0.0025,9500000,1000000,1629.82,57.651150042751304,2375000,43835.35597,964.281210000001,259.26047029372245
38,test,125000,74,10774.000000000004,1356,27640,0.00125,9500000,1000000,1625.29,0,2375000,44037.791647,202.31801200000336,617.8392065260009
39,train,250000,205,11366.751219512202,636,33248,0.0025,9750000,1000000,1742.24,59.321928118175947,2437500,45001.66547,963.8719620000047,259.3705490522389
39,test,125000,47,10498.382978723403,792,25188,0.00125,9750000,1000000,1712.64,0,2437500,45203.840356999994,202.05685999999696,618.6377438509234
40,train,250000,194,12176.721649484536,776,32464,0.0025,10000000,1000000,1752.35,49.407836353402644,2500000,46167.604601,963.7623830000011,259.4000392729581
40,test,125000,66,13521.696969696968,1604,30180,0.00125,10000000,1000000,1718.92,0,2500000,46370.218833,202.49740900000324,617.2918489045852
41,train,250000,222,12585.261261261268,1284,34568,0.0025,10250000,1000000,1825.69,44.64267100052426,2562500,47334.215832999995,963.995133999997,259.33740864712786
41,test,125000,79,15296.759493670887,1332,51316,0.00125,10250000,1000000,1825.2,0,2562500,47536.807437999996,202.4733899999992,617.3650769614737
42,train,250000,263,12022.448669201518,388,31900,0.0025,10500000,1000000,1705.52,51.011991651402241,2625000,48501.49582,964.6864960000021,259.15154927181595
42,test,125000,99,11122.626262626258,1148,30632,0.00125,10500000,1000000,1683.42,0,2625000,48703.951409999994,202.3383829999948,617.7770037828325
43,train,250000,266,12642.496240601511,4,35384,0.0025,10750000,1000000,1853.05,56.598189622581842,2687500,49668.480849,964.5275099999999,259.1942660090639
43,test,125000,82,12422.780487804876,2284,27564,0.00125,10750000,1000000,1843.03,0,2687500,49871.503276999996,202.90481,616.052423794192
44,train,250000,270,12457.096296296291,4,35592,0.0025,11000000,1000000,1699.23,56.965164140773645,2750000,50836.487252,964.9820840000029,259.07216739580343
44,test,125000,65,14422.83076923077,4252,34460,0.00125,11000000,1000000,1655.8,0,2750000,51039.470972999996,202.86572899999737,616.1711030057799
45,train,250000,259,12941.096525096522,716,36272,0.0025,11250000,1000000,1839.78,53.8850618397326,2812500,52003.98399,964.5111570000008,259.1986605708075
45,test,125000,61,14056.983606557376,1040,36188,0.00125,11250000,1000000,1857.37,0,2812500,52206.156322999996,202.05410499999562,618.646178952923
46,train,250000,276,12996.666666666664,1388,34924,0.0025,11500000,1000000,1979.55,53.206292154275722,2875000,53169.988208999996,963.8300339999987,259.3818320461264
46,test,125000,55,15806.181818181816,1308,36512,0.00125,11500000,1000000,1935.22,0,2875000,53372.208762999995,202.10340499999438,618.4952697853035
47,train,250000,235,13013.123404255324,652,37216,0.0025,11750000,1000000,1692.41,52.544446862240179,2937500,54336.061337,963.850747000004,259.37625797160786
47,test,125000,98,12799.387755102043,728,35892,0.00125,11750000,1000000,1690.88,0,2937500,54538.756939,202.5787180000043,617.0440865362636
48,train,250000,229,14276.401746724894,768,36036,0.0025,12000000,1000000,1932.02,51.25026431518917,3000000,55503.193726,964.4349300000031,259.21914711239174
48,test,125000,45,15344.17777777778,1516,30600,0.00125,12000000,1000000,1964.29,0,3000000,55706.167448,202.85683200000494,616.1981273571154
49,train,250000,241,12900.34854771785,380,35300,0.0025,12250000,1000000,1744.69,45.998412515388331,3062500,56671.012591,964.8432380000013,259.1094492388407
49,test,125000,94,14843.74468085106,2412,36076,0.00125,12250000,1000000,1763.54,0,3062500,56873.754317,202.62494300000253,616.903319745775
50,train,250000,246,14440.601626016258,1096,35912,0.0025,12500000,1000000,1812.13,47.753745064446662,3125000,57838.054149999996,964.2979889999988,259.2559591037375
50,test,125000,106,13683.88679245283,1344,31456,0.00125,12500000,1000000,1811.49,0,3125000,58040.922178999994,202.7505669999955,616.5210872135453
51,train,250000,238,15536.672268907563,2044,52348,0.0025,12750000,1000000,2045.46,49.119099103996987,3187500,59005.102806999996,964.1787659999973,259.28801672033575
51,test,125000,62,15923.870967741934,1560,36444,0.00125,12750000,1000000,2056.23,0,3187500,59207.645688,202.4261469999983,617.5091600197333
52,train,250000,205,14283.843902439019,1168,35596,0.0025,13000000,1000000,1808.69,48.964852426893479,3250000,60171.436950999996,963.7893869999971,259.3927712549098
52,test,125000,71,13980.16901408451,1364,33936,0.00125,13000000,1000000,1790.42,0,3250000,60373.706514,202.15258200000244,618.3448104560865
53,train,250000,237,13504.354430379746,796,60456,0.0025,13250000,1000000,1828.33,45.486424986262605,3312500,61338.023106,964.3147630000021,259.25144941496603
53,test,125000,53,10792.22641509434,696,25216,0.00125,13250000,1000000,1813.66,0,3312500,61539.957621999994,201.81775899999775,619.3706669788231
54,train,250000,258,13710.43410852713,760,36264,0.0025,13500000,1000000,1948.42,42.374224922120305,3375000,62504.310371,964.3508960000036,259.2417355933053
54,test,125000,71,16184.563380281686,1184,32484,0.00125,13500000,1000000,1940.51,0,3375000,62706.730878999995,202.3025209999978,617.88651659957
55,train,250000,230,13720.104347826082,20,36456,0.0025,13750000,1000000,2090.75,43.769801347515063,3437500,63670.550321999996,963.817584999997,259.3851823112366
55,test,125000,66,15775.515151515154,4676,47688,0.00125,13750000,1000000,2057.71,0,3437500,63872.882758,202.21493400000327,618.1541468148835
56,train,250000,257,13027.237354085608,724,32448,0.0025,14000000,1000000,1800.39,40.800206492837205,3500000,64837.454720999995,964.5701129999943,259.1828179523965
56,test,125000,66,14654.72727272727,1600,36324,0.00125,14000000,1000000,1776.06,0,3500000,65040.761584,203.18933400000242,615.1897717229514
57,train,250000,253,13558.861660079052,1364,49796,0.0025,14250000,1000000,1669.22,40.392581287377482,3562500,66007.653829,966.890406999999,258.56084432121196
57,test,125000,62,15763.096774193547,2728,60464,0.00125,14250000,1000000,1671.76,0,3562500,66210.115466,202.3445090000023,617.7583005229886
58,train,250000,234,14426.854700854701,596,34264,0.0025,14500000,1000000,1871.3,41.012163497347224,3625000,67174.811107,964.6938119999977,259.14958393036795
58,test,125000,89,13211.101123595501,700,33244,0.00125,14500000,1000000,1858.18,0,3625000,67377.646695,202.71886999999697,616.617486078143
59,train,250000,195,13294.276923076926,1432,49224,0.0025,14750000,1000000,1839.81,38.878817376409117,3687500,68342.056979,964.4083889999893,259.22628095264605
59,test,125000,71,13865.915492957749,1452,32416,0.00125,14750000,1000000,1823.26,0,3687500,68544.512436,202.33813800000644,617.7777518146185
60,train,250000,219,12035.342465753427,1304,35944,0.0025,15000000,1000000,1782.36,34.893995249190823,3750000,69508.664359,964.1500759999908,259.29573229635093
60,test,125000,46,11176.78260869565,904,27240,0.00125,15000000,1000000,1771.18,0,3750000,69710.851745,202.0692859999981,618.5997014905133
61,train,250000,224,11703.464285714283,692,35952,0.0025,15250000,1000000,1624.78,30.926304722132418,3812500,70674.86192400001,964.0083240000095,259.3338602748388
61,test,125000,116,11080.862068965518,1416,30576,0.00125,15250000,1000000,1632.13,0,3812500,70877.652101,202.6720309999946,616.7599909234804
62,train,250000,281,12989.765124555157,732,35896,0.0025,15500000,1000000,1873.23,33.333337538749447,3875000,71842.46151000001,964.8075810000009,259.1190253095656
62,test,125000,106,13815.283018867929,856,35244,0.00125,15500000,1000000,1812.89,0,3875000,72045.219779,202.64025100000435,616.8567171780562
63,train,250000,268,14023.895522388057,912,35564,0.0025,15750000,1000000,1783.99,38.228293892111957,3937500,73010.170465,964.948814000003,259.0810998188337
63,test,125000,114,15558.175438596485,1488,33540,0.00125,15750000,1000000,1773.5,0,3937500,73213.57772100001,203.2895150000113,614.886606424306
64,train,250000,252,14917.158730158735,656,36208,0.0025,16000000,1000000,1957.37,41.13838554806955,4000000,74178.185018,964.6054619999923,259.1733199205148
64,test,125000,53,15445.35849056603,2792,56732,0.00125,16000000,1000000,1959.96,0,4000000,74381.00549200001,202.70256300001347,616.6670916735852
65,train,250000,273,12099.82417582418,728,45588,0.0025,16250000,1000000,2084.12,40.540811709405396,4062500,75346.44909200001,965.4417220000032,258.94882549938023
65,test,125000,106,9149.962264150941,876,26880,0.00125,16250000,1000000,2072.26,0,4062500,75556.065808,209.50069699999585,596.6567261587796
66,train,250000,262,12240.763358778624,1188,33920,0.0025,16500000,1000000,2240.41,42.789193727678878,4125000,76609.014796,1052.9468259999994,237.42889367900534
66,test,125000,93,16916.430107526874,2436,36192,0.00125,16500000,1000000,2224.41,0,4125000,76833.643681,224.50045700000192,556.7917396266099
67,train,250000,240,13664.116666666665,772,46216,0.0025,16750000,1000000,2163.69,40.179935452582924,4187500,77880.847995,1047.202449000004,238.7312980777789
67,test,125000,40,12963.899999999998,796,31508,0.00125,16750000,1000000,2151.44,0,4187500,78099.323959,218.35089299999527,572.4730422787999
68,train,250000,230,14027.913043478256,1456,35400,0.0025,17000000,1000000,2004.58,39.721347346490653,4250000,79149.628152,1050.3023320000066,238.026701820175
68,test,125000,69,14254.550724637678,1436,36132,0.00125,17000000,1000000,2004.48,0,4250000,79367.171774,217.41681799999787,574.9325243091416
69,train,250000,240,13648.53333333334,1292,34244,0.0025,17250000,1000000,1914.1,36.476480710065623,4312500,80409.245886,1042.0722300000052,239.90659457454186
69,test,125000,90,18277.199999999993,1748,56660,0.00125,17250000,1000000,1925.56,0,4312500,80626.648109,217.27504100000078,575.3076811063612
70,train,250000,215,14673.637209302322,668,46652,0.0025,17500000,1000000,1903.74,35.812789933528549,4375000,81668.888129,1042.237752999994,239.86849380613586
70,test,125000,41,11250.048780487803,1396,23392,0.00125,17500000,1000000,1881.79,0,4375000,81886.84987600001,217.8347219999996,573.829547706358
71,train,250000,212,12159.45283018868,1272,32376,0.0025,17750000,1000000,2089.51,36.660672630623466,4437500,82856.651693,969.7996530000091,257.7852025690482
71,test,125000,112,15361.285714285716,1500,51448,0.00125,17750000,1000000,2090.53,0,4437500,83060.12638700001,203.35424000000057,614.6908960442607
72,train,250000,266,11810.315789473685,204,32204,0.0025,18000000,1000000,2101.92,36.340063427259871,4500000,84027.597014,967.4687540000014,258.4062782042051
72,test,125000,87,9672.87356321839,1432,30040,0.00125,18000000,1000000,2171.48,0,4500000,84230.924064,203.19421800000418,615.1749849496083
73,train,250000,250,9948.560000000001,660,35456,0.0025,18250000,1000000,1970.58,34.740700991226923,4562500,85198.548204,967.6223080000054,258.36527117355234
73,test,125000,93,9790.666666666664,748,24648,0.00125,18250000,1000000,2007.7,0,4562500,85401.568403,202.8959659999964,616.0792768053467
74,train,250000,257,12972.856031128402,1192,36016,0.0025,18500000,1000000,2165.8,36.09309244637236,4625000,86369.160854,967.5905179999972,258.3737597147482
74,test,125000,61,9885.44262295082,1460,23160,0.00125,18500000,1000000,2171.92,0,4625000,86572.554631,203.2665030000062,614.956218339606
75,train,250000,233,11721.76824034335,88,32044,0.0025,18750000,1000000,2060.74,33.971880476266378,4687500,87540.951978,968.3955169999972,258.1589811304349
75,test,125000,79,14608.86075949367,380,33684,0.00125,18750000,1000000,2111.4,0,4687500,87745.03127200001,203.9444150000054,612.9121015645204
76,train,250000,296,11907.702702702705,652,33840,0.0025,19000000,1000000,1841.27,34.420644072990228,4750000,88715.042548,970.0094389999867,257.72945081620327
76,test,125000,97,9695.876288659792,1076,25712,0.00125,19000000,1000000,1826.86,0,4750000,88918.68625,203.4376409999968,614.4388982567979
77,train,250000,227,11836.211453744478,376,32300,0.0025,19250000,1000000,1756.81,32.795474238484715,4812500,89888.010234,969.3221389999962,257.91219445159186
77,test,125000,70,13183.542857142858,1484,34316,0.00125,19250000,1000000,1769.12,0,4812500,90091.29853,203.00319099999615,615.7538676325653
78,train,250000,211,12434.578199052137,976,49912,0.0025,19500000,1000000,2010.49,32.659075022228087,4875000,91060.62077200001,969.3203809999977,257.91266221193854
78,test,125000,56,15324.785714285712,860,33968,0.00125,19500000,1000000,2021.99,0,4875000,91265.40428,204.6570090000023,610.7780066305894
79,train,250000,245,11054.171428571428,1204,35704,0.0025,19750000,1000000,2066.64,29.635170933206137,4937500,92236.489789,971.0836809999892,257.4443427394006
79,test,125000,67,14346.149253731344,960,36420,0.00125,19750000,1000000,2089.57,0,4937500,92440.53975200001,203.9297680000018,612.9561232080591
80,train,250000,285,11684.336842105267,920,34704,0.0025,20000000,1000000,1903.56,33.041470864394746,5000000,93412.409294,971.8676829999895,257.236663357601
80,test,125000,106,12816.377358490565,1728,27380,0.00125,20000000,1000000,1889.67,0,5000000,93617.669682,205.14181600000302,609.3345688233459
81,train,250000,265,13168.422641509433,700,32388,0.0025,20250000,1000000,1879.38,35.683358688271625,5062500,94589.342136,971.6705910000019,257.28884080222156
81,test,125000,104,13945.999999999995,644,35384,0.00125,20250000,1000000,1763.6,0,5062500,94793.335083,203.87165599998843,613.1308414937636
82,train,250000,252,12075.714285714284,948,34416,0.0025,20500000,1000000,2111.55,39.35954822650276,5125000,95763.25760000001,969.9206400000112,257.7530466822493
82,test,125000,48,13592.583333333336,1472,27624,0.00125,20500000,1000000,2077.88,0,5125000,95967.028703,203.63726899999892,613.8365566079196
83,train,250000,218,12032.770642201833,376,35644,0.0025,20750000,1000000,1902.45,31.33316818990189,5187500,96936.043519,969.0129639999941,257.9944843751353
83,test,125000,73,8634.08219178082,612,23336,0.00125,20750000,1000000,1929.03,0,5187500,97139.63622900001,203.46830000000773,614.3463134060453
84,train,250000,255,12419.874509803916,1076,33376,0.0025,21000000,1000000,1984.39,28.255168470456248,5250000,98108.875417,969.2373159999988,257.9347656895211
84,test,125000,121,9252.198347107442,700,34652,0.00125,21000000,1000000,1970.63,0,5250000,98312.86963700001,203.71731200000795,613.5953727879304
85,train,250000,283,12180.579505300346,40,32652,0.0025,21250000,1000000,2213.25,29.880433608498546,5312500,99283.38775800001,970.5162980000023,257.59484978788004
85,test,125000,81,14037.876543209875,1524,32652,0.00125,21250000,1000000,2239.16,0,5312500,99487.481969,203.83309200000076,613.2468421761445
86,train,250000,235,12193.906382978734,720,45436,0.0025,21500000,1000000,2201.99,31.902098046167211,5375000,100456.906271,969.4224279999908,257.88551283651793
86,test,125000,68,13873.0,1332,35308,0.00125,21500000,1000000,2197.66,0,5375000,100660.797596,203.5935540000064,613.9683577604626
87,train,250000,246,13671.447154471549,1292,32584,0.0025,21750000,1000000,1956.81,30.127400857602492,5437500,101632.98141200001,972.1819260000048,257.15351552421146
87,test,125000,76,12118.894736842107,1472,32452,0.00125,21750000,1000000,1980.49,0,5437500,101836.96127700001,203.85772500000894,613.1727409397633
88,train,250000,284,12780.169014084506,1256,33024,0.0025,22000000,1000000,2031.66,31.309609282898485,5500000,102805.226097,968.2629250000027,258.1943329080779
88,test,125000,93,12207.096774193547,824,34144,0.00125,22000000,1000000,1993.54,0,5500000,103008.736843,203.37780800000473,614.6196639113992
89,train,250000,272,12522.132352941178,1304,32552,0.0025,22250000,1000000,2238.0,31.700198734773995,5562500,103978.07699700001,969.3382710000005,257.9079022043481
89,test,125000,104,9683.76923076923,1152,27136,0.00125,22250000,1000000,2261.07,0,5562500,104181.820386,203.4644360000093,614.3579804777003
90,train,250000,221,12638.20814479638,1320,32572,0.0025,22500000,1000000,1836.52,31.048654090291837,5625000,105149.627202,967.8049719999981,258.31650718157346
90,test,125000,109,13527.119266055042,1748,27540,0.00125,22500000,1000000,1770.38,0,5625000,105353.531992,203.76728699999512,613.4448852921273
91,train,250000,229,13852.174672489085,1100,33172,0.0025,22750000,1000000,2244.77,30.578608654935497,5687500,106322.50914400001,968.975277000005,258.00451872622824
91,test,125000,69,15215.826086956522,3128,35272,0.00125,22750000,1000000,2229.12,0,5687500,106526.089258,203.29344500000298,614.8747196447882
92,train,250000,189,16558.687830687828,1604,49788,0.0025,23000000,1000000,1773.36,29.325543850500619,5750000,107494.836626,968.7454969999962,258.06571568507735
92,test,125000,65,18094.46153846154,2564,34640,0.00125,23000000,1000000,1782.88,0,5750000,107698.908773,203.87496800000372,613.1208810293853
93,train,250000,237,14491.611814345995,88,46000,0.0025,23250000,1000000,2022.56,28.91703242112683,5812500,108667.566571,968.6559489999927,258.08957273022634
93,test,125000,93,14817.677419354834,1404,30016,0.00125,23250000,1000000,2031.98,0,5812500,108871.35489,203.5756079999992,614.0224815145855
94,train,250000,218,15870.733944954125,868,47696,0.0025,23500000,1000000,2187.36,27.433045445800911,5875000,109850.82252500001,979.4657670000015,255.2411819003365
94,test,125000,49,13773.142857142857,1384,31456,0.00125,23500000,1000000,2164.97,0,5875000,110055.603862,204.6533289999934,610.7889894134291
95,train,250000,182,14328.000000000002,1492,35476,0.0025,23750000,1000000,2078.97,25.390235070616477,5937500,111044.12880600001,988.523039000007,252.90255273453292
95,test,125000,52,16635.30769230769,1112,33612,0.00125,23750000,1000000,2128.11,0,5937500,111247.463277,203.2031319999951,615.1479988015294
96,train,250000,220,14961.127272727275,1124,36540,0.0025,24000000,1000000,1999.17,23.274774201693475,6000000,112212.479019,965.0138620000071,259.063636124222
96,test,125000,39,17244.615384615387,5580,36084,0.00125,24000000,1000000,2008.01,0,6000000,112415.236347,202.61547099999734,616.932159143966
97,train,250000,198,12864.868686868685,1432,34060,0.0025,24250000,1000000,2050.75,20.842883019320272,6062500,113380.365856,965.1276499999949,259.0330926691421
97,test,125000,105,13403.961904761905,668,31988,0.00125,24250000,1000000,2063.74,0,6062500,113583.242325,202.74882799999614,616.5263751857663
98,train,250000,250,13244.719999999996,880,36480,0.0025,24500000,1000000,1970.05,24.268926775166275,6125000,114556.17817700001,972.9339810000092,256.95474192713766
98,test,125000,58,16725.172413793105,3444,36424,0.00125,24500000,1000000,1963.48,0,6125000,114759.546103,203.0607689999888,615.5792702627207
99,train,250000,235,12540.085106382981,756,35012,0.0025,24750000,1000000,2201.19,25.491996558993854,6187500,115725.215452,965.6674910000002,258.88828435252765
99,test,125000,91,13342.241758241764,1380,31476,0.00125,24750000,1000000,2188.05,0,6187500,115928.32931100001,202.99462100000528,615.7798634476957
100,train,250000,264,13488.969696969696,84,33480,0.0025,25000000,1000000,2284.15,29.926635991372507,6250000,116893.819015,965.4878689999896,258.9364486360032
100,test,125000,42,16575.428571428565,4728,32012,0.00125,25000000,1000000,2278.59,0,6250000,117096.58165600001,202.58835600000748,617.0147310934069
101,train,250000,250,12687.536000000002,632,35504,0.0025,25250000,1000000,1953.01,26.979975629193348,6312500,118062.98775700001,966.4042480000062,258.6909158536712
101,test,125000,90,15228.533333333336,1152,31628,0.00125,25250000,1000000,1953.87,0,6312500,118265.90279600001,202.7696600000054,616.4630349530431
102,train,250000,279,13083.85663082438,1244,49004,0.0025,25500000,1000000,2088.0,27.95733190403821,6375000,119231.127125,965.2224730000016,259.0076453804237
102,test,125000,191,7392.816753926703,1056,23372,0.00125,25500000,1000000,2109.74,0,6375000,119433.883552,202.5581109999912,617.106860756642
103,train,250000,295,13078.427118644073,740,36220,0.0025,25750000,1000000,2016.42,32.859322466583528,6437500,120399.146194,965.2608049999981,258.9973597860948
103,test,125000,120,10394.833333333332,1284,24892,0.00125,25750000,1000000,2011.42,0,6437500,120601.542785,202.25942399998894,618.0181745202974
104,train,250000,246,13882.471544715445,712,35540,0.0025,26000000,1000000,1962.99,34.605390625489264,6500000,121567.371029,965.8263940000033,258.84569064696643
104,test,125000,81,11437.481481481482,780,27056,0.00125,26000000,1000000,1954.58,0,6500000,121770.25419200001,202.72242299999925,616.6066789760127
105,train,250000,231,14335.653679653664,1632,33376,0.0025,26250000,1000000,1926.2,32.295486620262636,6562500,122735.940048,965.683978999994,258.88386411762303
105,test,125000,51,13335.8431372549,3208,25060,0.00125,26250000,1000000,1912.95,0,6562500,122938.338784,202.2713400000066,617.9817664726793
106,train,250000,223,12304.520179372194,716,34164,0.0025,26500000,1000000,2124.23,25.704670679037207,6625000,123902.315388,963.9747179999977,259.3429011485762
106,test,125000,75,13864.906666666666,2764,26788,0.00125,26500000,1000000,2130.9,0,6625000,124104.74404,202.25099200000113,618.0439401750835
107,train,250000,211,12739.317535545022,1424,30408,0.0025,26750000,1000000,2299.16,22.456960493527827,6687500,125068.50800100001,963.7621000000072,259.4001154434254
107,test,125000,108,9497.185185185186,544,25696,0.00125,26750000,1000000,2174.38,0,6687500,125271.183208,202.50948900000367,617.2550265039567
108,train,250000,299,12102.581939799335,844,36128,0.0025,27000000,1000000,2097.44,22.83528889879036,6750000,126235.14082900001,963.955758000011,259.34800215177216
108,test,125000,163,9196.834355828223,716,25016,0.00125,27000000,1000000,2078.0,0,6750000,126437.81852300001,202.5520230000111,617.1254088140761
109,train,250000,252,13628.079365079364,880,34332,0.0025,27250000,1000000,1897.0,26.2333159982234,6812500,127402.04916200001,964.2287500000093,259.2745756647451
109,test,125000,90,11141.155555555557,1316,27344,0.00125,27250000,1000000,1892.94,0,6812500,127604.608747,202.4192000000039,617.5303528518914
110,train,250000,249,12849.333333333336,996,32708,0.0025,27500000,1000000,2121.88,28.288678750220189,6875000,128568.792784,964.1821999999956,259.28709324855936
110,test,125000,78,15787.846153846147,1748,31156,0.00125,27500000,1000000,2132.31,0,6875000,128771.69649,202.7690819999989,616.4647922014101
111,train,250000,298,12798.48322147651,1132,34164,0.0025,27750000,1000000,2039.92,26.214078853375963,6937500,129736.626778,964.9284380000026,259.0865707286775
111,test,125000,146,11410.657534246575,1500,24736,0.00125,27750000,1000000,2020.75,0,6937500,129939.45579400001,202.7094320000033,616.6461953284836
112,train,250000,281,11458.66192170818,4,31856,0.0025,28000000,1000000,1780.68,27.751121230827408,7000000,130904.31596600001,964.8582850000093,259.1054084175663
112,test,125000,105,12099.428571428567,2040,27460,0.00125,28000000,1000000,1770.52,0,7000000,131107.486675,203.02484999998705,615.688178072822
113,train,250000,321,11483.563862928342,4,30424,0.0025,28250000,1000000,2046.95,29.203398880262714,7062500,132072.266542,964.7780020000064,259.126969605178
113,test,125000,139,10952.287769784172,1300,29744,0.00125,28250000,1000000,2039.27,0,7062500,132275.491013,203.05541699999594,615.5954952928072
114,train,250000,305,12029.6393442623,764,35584,0.0025,28500000,1000000,2146.93,30.767124889397394,7125000,133239.50113000002,964.0082650000113,259.3338761467953
114,test,125000,110,13211.200000000003,1436,27976,0.00125,28500000,1000000,2150.03,0,7125000,133442.40396,202.75597999998718,616.5046278783389
115,train,250000,279,12691.971326164874,1476,32388,0.0025,28750000,1000000,2060.19,31.781555943340816,7187500,134406.98412900002,964.5782920000202,259.18062024973995
115,test,125000,87,12925.195402298852,740,30936,0.00125,28750000,1000000,2001.46,0,7187500,134610.060304,202.8951380000217,616.0817909790753
116,train,250000,263,13077.961977186318,1608,35440,0.0025,29000000,1000000,2101.64,30.081826873890691,7250000,135573.982227,963.9200649999839,259.35760555000394
116,test,125000,103,13882.174757281553,3888,30456,0.00125,29000000,1000000,2119.45,0,7250000,135776.43363,202.30502700002398,617.8788626937342
117,train,250000,239,12925.656903765703,1140,32320,0.0025,29250000,1000000,2303.73,26.989476573747044,7312500,136740.722592,964.2870699999912,259.25889476045995
117,test,125000,80,15854.449999999999,1384,37136,0.00125,29250000,1000000,2296.01,0,7312500,136943.38215700001,202.53089799999725,617.1897781246281
118,train,250000,223,13272.08968609866,916,55504,0.0025,29500000,1000000,2081.96,24.723392252761293,7375000,137907.724593,964.3405329999805,259.2445214578625
118,test,125000,56,16781.071428571424,2260,34364,0.00125,29500000,1000000,2053.85,0,7375000,138110.383546,202.49752800000715,617.2914861459227
119,train,250000,224,13306.16071428572,888,32172,0.0025,29750000,1000000,1857.16,21.576838333920588,7437500,139074.94490600002,964.5594960000017,259.1856708028299
119,test,125000,49,16346.857142857141,4716,36640,0.00125,29750000,1000000,1818.16,0,7437500,139278.068169,202.96489900001325,615.8700377053465
120,train,250000,263,12781.566539923959,1340,35328,0.0025,30000000,1000000,2163.22,21.266669670042216,7500000,140242.912646,964.8425810000044,259.1096256768531
120,test,125000,51,13874.117647058822,1468,25432,0.00125,30000000,1000000,2145.2,0,7500000,140445.359586,202.29885099999956,617.897725973739
121,train,250000,251,12876.334661354576,1092,30596,0.0025,30250000,1000000,2303.89,21.01680978102349,7562500,141409.726357,964.3649070000101,259.2379691394114
121,test,125000,130,11756.184615384613,568,32408,0.00125,30250000,1000000,2304.41,0,7562500,141612.89141,202.97881400000188,615.8278173799895
122,train,250000,220,14414.163636363635,684,35100,0.0025,30500000,1000000,2078.1,21.810335000293222,7625000,142578.291932,965.3986049999949,258.9603907704024
122,test,125000,122,12700.360655737706,776,31496,0.00125,30500000,1000000,2141.76,0,7625000,142781.501964,203.04428599998937,615.629242578176
123,train,250000,281,13350.064056939493,1192,45452,0.0025,30750000,1000000,2101.14,25.178483184061697,7687500,143745.655926,964.1520799999998,259.295193347506
123,test,125000,79,12730.683544303793,1816,27928,0.00125,30750000,1000000,2088.35,0,7687500,143948.196759,202.3743170000089,617.6673100272626
124,train,250000,262,12623.847328244277,1024,27228,0.0025,31000000,1000000,1980.46,23.739934046529335,7750000,144912.060244,963.8616499999771,259.3733239620084
124,test,125000,98,13010.69387755102,1156,32296,0.00125,31000000,1000000,1961.33,0,7750000,145114.58296200001,202.3804769999988,617.64850964355
125,train,250000,283,12801.86572438162,728,31468,0.0025,31250000,1000000,2005.5,24.983506379727956,7812500,146078.967442,964.3826459999837,259.23320067707255
125,test,125000,50,15027.760000000002,5480,31260,0.00125,31250000,1000000,2047.06,0,7812500,146281.471105,202.3591749999905,617.7135284328268
126,train,250000,258,12497.162790697668,1376,33520,0.0025,31500000,1000000,2176.24,22.86292646490875,7875000,147245.79136200002,964.3183800000115,259.25047700531957
126,test,125000,81,14872.246913580246,1356,30740,0.00125,31500000,1000000,2226.66,0,7875000,147448.300974,202.2956380000105,617.9075398550783
127,train,250000,288,13768.583333333325,1220,49564,0.0025,31750000,1000000,1938.61,22.70950333937202,7937500,148412.139737,963.8369129999774,259.3799808121749
127,test,125000,142,12763.718309859156,2108,34416,0.00125,31750000,1000000,1964.29,0,7937500,148615.08248800001,202.76534199999878,616.4761628740317
128,train,250000,280,13262.900000000009,792,34216,0.0025,32000000,1000000,2098.25,23.312592728568667,8000000,149579.16046400002,964.0760949999967,259.31563005926506
128,test,125000,98,14389.469387755104,2228,31976,0.00125,32000000,1000000,2125.0,0,8000000,149782.14074200002,202.84031300002243,616.2483095753563
129,train,250000,237,13732.995780590714,744,35496,0.0025,32250000,1000000,1756.34,25.149766740476828,8062500,150745.959332,963.8167200000025,259.3854151025719
129,test,125000,76,12821.631578947372,1612,49604,0.00125,32250000,1000000,1745.43,0,8062500,150948.420446,202.32650600001216,617.8132686183613
130,train,250000,296,12266.499999999998,204,31924,0.0025,32500000,1000000,2036.01,23.072091034840081,8125000,151912.413599,963.9912749999785,259.3384468132303
130,test,125000,111,12132.108108108108,1460,31924,0.00125,32500000,1000000,2061.97,0,8125000,152114.867982,202.33520000000135,617.7867222312241
131,train,250000,287,13554.745644599301,640,47736,0.0025,32750000,1000000,2027.02,22.368950959127865,8187500,153079.499993,964.6301270000113,259.1666930178691
131,test,125000,166,9571.253012048195,728,24816,0.00125,32750000,1000000,2032.16,0,8187500,153282.681351,203.06280899999547,615.5730860593128
132,train,250000,235,14005.49787234042,1528,34116,0.0025,33000000,1000000,1980.61,23.91134903265727,8250000,154246.523674,963.840475999983,259.3790219700261
132,test,125000,105,14273.10476190476,1412,29452,0.00125,33000000,1000000,1999.05,0,8250000,154449.439651,202.71204799998668,616.6382375062789
133,train,250000,245,15430.31836734694,496,33200,0.0025,33250000,1000000,2252.01,24.366541400261777,8312500,155413.908635,964.4671190000081,259.2104956975707
133,test,125000,91,12501.186813186809,836,27152,0.00125,33250000,1000000,2251.17,0,8312500,155616.561353,202.50892799999565,617.2567364536278
134,train,250000,241,15151.45228215767,1052,36220,0.0025,33500000,1000000,2222.9,22.292444597718973,8375000,156580.666147,964.1029240000062,259.308413839017
134,test,125000,89,17100.58426966292,2788,45704,0.00125,33500000,1000000,2219.92,0,8375000,156783.497951,202.69718499999726,616.6834532013935
135,train,250000,230,15925.756521739137,1952,34444,0.0025,33750000,1000000,2324.16,20.828127221739507,8437500,157748.299123,964.7993309999874,259.1212410366019
135,test,125000,69,18604.231884057976,580,55460,0.00125,33750000,1000000,2326.41,0,8437500,157951.146743,202.60949499998242,616.9503556583606
136,train,250000,199,16002.331658291458,716,46748,0.0025,34000000,1000000,2036.29,18.233280134222611,8500000,158915.253072,964.1044689999835,259.3079982912145
136,test,125000,68,15706.352941176468,2680,34060,0.00125,34000000,1000000,1962.86,0,8500000,159118.33651700002,202.94423300001654,615.9327523240821
137,train,250000,247,14337.829959514167,860,33852,0.0025,34250000,1000000,2034.42,18.004385954782464,8562500,160082.476371,964.1380179999978,259.29897518054366
137,test,125000,120,16171.733333333337,856,34984,0.00125,34250000,1000000,2078.74,0,8562500,160285.471609,202.81218300000182,616.3337830646933
138,train,250000,245,13688.62040816327,1088,35512,0.0025,34500000,1000000,1923.3,17.537850418711525,8625000,161250.205221,964.7317670000193,259.1393883269887
138,test,125000,153,10645.986928104569,536,34008,0.00125,34500000,1000000,2025.58,0,8625000,161453.190143,202.85819400000037,616.1939901722667
139,train,250000,262,14406.351145038161,616,35524,0.0025,34750000,1000000,1931.92,22.282507255291911,8687500,162417.355477,964.1634649999905,259.2921315474264
139,test,125000,95,14931.368421052633,584,36148,0.00125,34750000,1000000,1987.83,0,8687500,162620.114218,202.63783500000136,616.8640718057374
140,train,250000,247,12926.348178137652,724,36248,0.0025,35000000,1000000,2367.95,23.205839712717662,8750000,163584.169573,964.0534599999955,259.3217185279343
140,test,125000,70,12884.571428571431,1624,25812,0.00125,35000000,1000000,2427.64,0,8750000,163787.117867,202.79270599997835,616.3929781577714
141,train,250000,247,12861.878542510121,1356,36164,0.0025,35250000,1000000,2174.17,20.753472672000033,8812500,164751.305613,964.1858950000023,259.2860995959699
141,test,125000,85,14964.8,1376,44876,0.00125,35250000,1000000,2147.92,0,8812500,164954.029163,202.53255199998966,617.1847377897375
142,train,250000,259,13090.579150579148,1000,35524,0.0025,35500000,1000000,2734.48,18.65557976926873,8875000,165918.638022,964.6069919999863,259.17290883581273
142,test,125000,80,16680.200000000004,3000,35836,0.00125,35500000,1000000,2717.83,0,8875000,166121.28969900002,202.5052470000228,617.2679565186078
143,train,250000,267,13842.9063670412,1676,28212,0.0025,35750000,1000000,2210.02,19.098922585458411,8937500,167085.65279700002,964.3612360000261,259.23895597146674
143,test,125000,97,18118.597938144336,1748,36848,0.00125,35750000,1000000,2227.37,0,8937500,167288.536551,202.72564699998475,616.596872915687
144,train,250000,271,14583.276752767535,1100,34452,0.0025,36000000,1000000,2244.65,20.718363476592199,9000000,168253.380155,964.8417609999888,259.1098458890223
144,test,125000,82,12960.682926829268,4552,26048,0.00125,36000000,1000000,2250.84,0,9000000,168456.27481,202.75524900000892,616.5068505821741
145,train,250000,264,14763.24242424243,1264,35420,0.0025,36250000,1000000,1965.98,19.865819465301694,9062500,169421.204537,964.9278360000171,259.08673236782397
145,test,125000,72,17047.61111111111,1280,35752,0.00125,36250000,1000000,1947.51,0,9062500,169623.95232,202.6287280000106,616.8917963103113
146,train,250000,232,13584.120689655174,1396,36188,0.0025,36500000,1000000,1962.12,19.464796637793562,9125000,170588.407647,964.4534600000188,259.2141667468279
146,test,125000,71,13581.464788732394,252,32412,0.00125,36500000,1000000,1980.35,0,9125000,170791.52370700001,202.99044400002458,615.7925345489903
147,train,250000,264,13034.87878787878,708,36488,0.0025,36750000,1000000,2138.11,18.53879371052416,9187500,171755.921647,964.396099000005,259.22958446143474
147,test,125000,73,14969.534246575346,4944,30612,0.00125,36750000,1000000,2115.55,0,9187500,171958.578338,202.478592999978,617.3492128129001
148,train,250000,226,13742.371681415932,908,35600,0.0025,37000000,1000000,1956.1,16.940361172100424,9250000,172922.097092,963.5168770000164,259.46613491441286
148,test,125000,81,10178.814814814818,2848,27688,0.00125,37000000,1000000,1915.76,0,9250000,173124.59038900002,202.34941500000423,617.7433228556524
149,train,250000,262,13970.32061068702,1440,33220,0.0025,37250000,1000000,2047.94,16.813383787917935,9312500,174089.184107,964.5918390000006,259.17698024397225
149,test,125000,88,15655.363636363632,2424,36064,0.00125,37250000,1000000,2094.88,0,9312500,174291.931228,202.59604999999283,616.9912986951346
150,train,250000,225,13382.293333333333,2068,32784,0.0025,37500000,1000000,1812.07,16.965569235483223,9375000,175255.924128,963.9910090000194,259.3385183740806
150,test,125000,90,17393.466666666667,1372,45692,0.00125,37500000,1000000,1813.18,0,9375000,175458.881602,202.8202460000175,616.3092810763537
151,train,250000,225,15283.80444444445,956,36600,0.0025,37750000,1000000,1761.36,16.322762364463735,9437500,176423.122232,964.2387309999904,259.2718918692787
151,test,125000,99,15875.353535353539,1412,36196,0.00125,37750000,1000000,1764.61,0,9437500,176626.106449,202.85327799999504,616.208923180443
152,train,250000,253,14995.399209486168,160,33972,0.0025,38000000,1000000,1906.28,17.474922934985262,9500000,177590.939888,964.8315379999985,259.11259132161615
152,test,125000,86,17008.372093023252,1376,36312,0.00125,38000000,1000000,1900.82,0,9500000,177794.050909,202.98621900001308,615.8053517908619
153,train,250000,253,14964.553359683785,28,50328,0.0025,38250000,1000000,2282.18,17.369223727178973,9562500,178758.349399,964.2966219999944,259.25632662851064
153,test,125000,88,19446.18181818183,5128,34852,0.00125,38250000,1000000,2302.52,0,9562500,178961.101084,202.60587999998825,616.9613636090288
154,train,250000,220,16699.618181818165,724,35952,0.0025,38500000,1000000,1991.26,17.497970618760753,9625000,179924.866465,963.7634519999847,259.3997515481672
154,test,125000,126,14131.904761904763,1468,37884,0.00125,38500000,1000000,1979.45,0,9625000,180127.833599,202.84737999999197,616.2268401002021
155,train,250000,218,15061.761467889917,1232,36212,0.0025,38750000,1000000,1956.21,17.697225825376421,9687500,181091.922911,964.0874229999899,259.3125831079352
155,test,125000,88,16666.363636363636,2396,60484,0.00125,38750000,1000000,1950.13,0,9687500,181294.75420300002,202.67219900002237,616.7594796757803
156,train,250000,237,16638.109704641338,1408,46748,0.0025,39000000,1000000,1943.68,16.892677747872536,9750000,182259.078621,964.322531999991,259.2493607730015
156,test,125000,89,16835.95505617978,1472,47360,0.00125,39000000,1000000,1948.03,0,9750000,182461.513159,202.27885000000242,617.9588226846183
157,train,250000,251,15384.908366533857,732,34176,0.0025,39250000,1000000,1892.94,16.924318655453128,9812500,183426.016879,964.5018379999965,259.20116494376333
157,test,125000,68,14760.411764705881,1348,45644,0.00125,39250000,1000000,1914.48,0,9812500,183628.765797,202.62749600000097,616.8955470880388
158,train,250000,208,16257.923076923078,1356,36484,0.0025,39500000,1000000,2035.91,16.631492554168645,9875000,184593.061333,964.2936499999778,259.2571256691421
158,test,125000,89,14318.696629213484,1412,33888,0.00125,39500000,1000000,2064.23,0,9875000,184795.741901,202.53258800000185,617.1846280856237
159,train,250000,241,14709.244813278012,748,35076,0.0025,39750000,1000000,2092.26,16.171015339725312,9937500,185759.899379,964.1555980000121,259.29424723414496
159,test,125000,98,17964.244897959194,2416,35488,0.00125,39750000,1000000,2116.18,0,9937500,185963.217213,203.14764599999762,615.3160150327386
160,train,250000,259,15839.922779922788,1444,35792,0.0025,40000000,1000000,2043.48,17.136307946584957,10000000,186927.457126,964.2380539999867,259.27207390635033
160,test,125000,82,20577.51219512196,692,36500,0.00125,40000000,1000000,2079.41,0,10000000,187130.182767,202.5797779999848,617.0408578491451
161,train,250000,266,14915.02255639098,728,34664,0.0025,40250000,1000000,2045.8,18.820344842547183,10062500,188094.890097,964.7054709999938,259.1464519640955
161,test,125000,79,15143.746835443042,1752,35876,0.00125,40250000,1000000,2053.01,0,10062500,188297.45124,202.3994449999882,617.5906262984431
162,train,250000,222,15722.57657657658,4,45380,0.0025,40500000,1000000,1841.69,17.720380393964895,10125000,189261.579317,964.1262229999993,259.3021474118749
162,test,125000,86,14880.000000000002,1696,30456,0.00125,40500000,1000000,1837.43,0,10125000,189464.477334,202.748013000004,616.5288534788133
163,train,250000,238,14648.453781512606,96,35976,0.0025,40750000,1000000,2309.98,16.730716783901457,10187500,190428.808461,964.3292599999986,259.2475520238807
163,test,125000,51,16744.0,2372,36164,0.00125,40750000,1000000,2405.59,0,10187500,190631.142688,202.18676399998367,618.2402721476373
164,train,250000,224,16016.767857142859,1208,46544,0.0025,41000000,1000000,2054.72,15.034722915170006,10250000,191595.220777,964.0762019999966,259.3156012785812
164,test,125000,59,19136.677966101703,5176,38016,0.00125,41000000,1000000,2120.96,0,10250000,191798.336626,202.9659190000093,615.8669426663413
165,train,250000,245,14776.457142857147,1296,35300,0.0025,41250000,1000000,2066.3,15.355854217267256,10312500,192762.80775500002,964.4692800000194,259.2099149078081
165,test,125000,89,14496.31460674157,276,32556,0.00125,41250000,1000000,2035.79,0,10312500,192965.645601,202.70441299999948,616.6614636061245
166,train,250000,219,16656.9497716895,1300,49328,0.0025,41500000,1000000,1789.46,15.272625083103694,10375000,193929.966477,964.3190000000177,259.2503103226167
166,test,125000,148,14588.864864864861,820,36252,0.00125,41500000,1000000,1830.8,0,10375000,194133.087209,202.91927099999157,616.0085209452836
167,train,250000,243,16030.600823045264,1120,36584,0.0025,41750000,1000000,1990.61,16.379558499335729,10437500,195098.077055,964.9879859999928,259.07058287459535
167,test,125000,94,15885.53191489361,636,32180,0.00125,41750000,1000000,1983.29,0,10437500,195300.803064,202.56609800001024,617.082528785215
168,train,250000,246,14848.373983739835,1216,31960,0.0025,42000000,1000000,2016.23,16.016577705041048,10500000,196265.027135,964.222225000005,259.27633020489515
168,test,125000,55,13505.454545454542,1124,32704,0.00125,42000000,1000000,2070.16,0,10500000,196467.842515,202.66876499998034,616.7699299890248
169,train,250000,211,15466.748815165873,860,36128,0.0025,42250000,1000000,2124.61,15.783572402197365,10562500,197432.066598,964.2222400000028,259.27632617144286
169,test,125000,55,12441.96363636364,1208,26836,0.00125,42250000,1000000,2141.23,0,10562500,197634.38086,202.17506400001002,618.2760501067223
170,train,250000,239,12851.096234309616,1004,33992,0.0025,42500000,1000000,2206.39,13.544754167440315,10625000,198598.478266,964.0955719999911,259.3103912731199
170,test,125000,68,13732.5294117647,712,29668,0.00125,42500000,1000000,2323.91,0,10625000,198801.277051,202.65621000001556,616.8081402488993
171,train,250000,270,13996.400000000003,576,36204,0.0025,42750000,1000000,2389.44,13.564357695261178,10687500,199765.648659,964.369756,259.2366656508875
171,test,125000,97,17057.608247422682,3184,45720,0.00125,42750000,1000000,2397.75,0,10687500,199968.708097,202.89066699999967,616.0953672649723
172,train,250000,234,16080.341880341879,464,46652,0.0025,43000000,1000000,2349.71,15.106393365193979,10750000,200932.835602,964.1256540000031,259.30230044475013
172,test,125000,121,13486.38016528925,656,25544,0.00125,43000000,1000000,2335.01,0,10750000,201135.720565,202.70343299998785,616.6644449480414
173,train,250000,233,15189.991416309022,120,35224,0.0025,43250000,1000000,1979.06,15.837203716024337,10812500,202100.327307,964.6049119999807,259.1734676963837
173,test,125000,93,14788.000000000002,808,32268,0.00125,43250000,1000000,1973.26,0,10812500,202302.915477,202.43773199999123,617.4738215304913
174,train,250000,232,16217.051724137926,8,45576,0.0025,43500000,1000000,1839.15,15.501334505630178,10875000,203266.813902,963.8965579999785,259.36393062626286
174,test,125000,123,15429.9837398374,1212,33508,0.00125,43500000,1000000,1812.03,0,10875000,203469.724345,202.7420979999879,616.546840706006
175,train,250000,246,15987.642276422763,1368,36120,0.0025,43750000,1000000,2015.56,15.520609590051203,10937500,204434.87723800002,965.1510520000011,259.02681189845475
175,test,125000,124,14629.225806451606,1420,32020,0.00125,43750000,1000000,2047.96,0,10937500,204638.406838,203.38181699998677,614.6075487171408
176,train,250000,202,17446.316831683172,1444,36488,0.0025,44000000,1000000,1880.62,16.141786609439947,11000000,205670.33929200002,1031.9305740000273,242.2643599277575
176,test,125000,63,18958.539682539686,4200,45244,0.00125,44000000,1000000,1906.14,0,11000000,205898.23507,227.61723499998334,549.1675531512767
177,train,250000,206,17817.203883495138,4,53932,0.0025,44250000,1000000,2202.45,13.361226016121226,11062500,206887.91232200002,989.6752790000173,252.6081082399105
177,test,125000,95,15714.189473684211,1244,35120,0.00125,44250000,1000000,2183.62,0,11062500,207091.684018,203.4526659999974,614.3935218818986
178,train,250000,239,16013.28870292887,408,34428,0.0025,44500000,1000000,2313.93,14.807343152614077,11125000,208058.81567100002,967.1297940000077,258.49684453005074
178,test,125000,99,14563.070707070705,1048,32164,0.00125,44500000,1000000,2289.83,0,11125000,208261.704776,202.77110399998492,616.4586449162367
179,train,250000,212,15328.830188679243,1112,47228,0.0025,44750000,1000000,2156.03,14.676602505649569,11187500,209228.175437,966.4687899999844,258.67364014931513
179,test,125000,99,16135.555555555553,3208,50708,0.00125,44750000,1000000,2145.32,0,11187500,209431.299343,202.83245999997598,616.2721686657786
180,train,250000,233,15099.67381974249,1076,36120,0.0025,45000000,1000000,2452.86,15.195010881227329,11250000,210396.912766,965.611557999975,258.9032804431349
180,test,125000,56,17750.071428571428,2132,32364,0.00125,45000000,1000000,2457.88,0,11250000,210599.809407,202.73973699999624,616.5540206851621
181,train,250000,238,14516.067226890758,1308,30304,0.0025,45250000,1000000,2512.57,14.154741349094797,11312500,211566.013073,966.2018209999951,258.74511366709714
181,test,125000,81,14259.654320987649,1428,45656,0.00125,45250000,1000000,2480.03,0,11312500,211768.959467,202.7354639999976,616.5670156258477
182,train,250000,215,13986.158139534879,764,34556,0.0025,45500000,1000000,2203.54,14.023602324117373,11375000,212734.589589,965.6282550000178,258.8988036602092
182,test,125000,89,13845.752808988758,572,32344,0.00125,45500000,1000000,2210.97,0,11375000,212937.31733700001,202.5539090000093,617.11966269678
183,train,250000,258,13921.720930232555,684,31984,0.0025,45750000,1000000,1984.72,14.290962740943726,11437500,213902.956252,965.6371020000079,258.8964316741818
183,test,125000,56,17010.357142857145,2772,54524,0.00125,45750000,1000000,2034.1,0,11437500,214106.019111,202.89258399998653,616.0895461807924
184,train,250000,239,14161.305439330541,604,35728,0.0025,46000000,1000000,2154.71,14.068642906079852,11500000,215072.32379300002,966.302846000006,258.71806239096856
184,test,125000,115,11838.295652173916,2120,32064,0.00125,46000000,1000000,2165.93,0,11500000,215275.376755,202.89574199999333,616.0799569662931
185,train,250000,290,14478.979310344823,1220,51260,0.0025,46250000,1000000,2131.42,14.771261037760363,11562500,216241.745731,966.3671010000107,258.70085989195655
185,test,125000,138,13414.666666666673,3204,34732,0.00125,46250000,1000000,2236.64,0,11562500,216445.388077,203.50676400001976,614.2301982649966
186,train,250000,242,15803.00826446281,700,46384,0.0025,46500000,1000000,1919.9,15.643354305798089,11625000,217411.618874,966.2289239999955,258.73785579203087
186,test,125000,115,16280.765217391314,1092,35824,0.00125,46500000,1000000,1895.42,0,11625000,217615.066453,203.21796199999517,615.1031078640724
187,train,250000,263,15720.608365019005,1324,35544,0.0025,46750000,1000000,2072.62,16.325131660972044,11687500,218581.713265,966.6449739999953,258.62649341204894
187,test,125000,102,17226.274509803927,1192,49032,0.00125,46750000,1000000,2070.92,0,11687500,218784.882001,202.9412739999825,615.9417329764608
188,train,250000,235,16403.387234042548,2364,56240,0.0025,47000000,1000000,2077.5,15.504235699169659,11750000,219750.37493,965.4911049999937,258.93558076850604
188,test,125000,112,14387.142857142857,1028,46104,0.00125,47000000,1000000,2086.91,0,11750000,219953.82940000002,203.30638100000215,614.8355963308337
189,train,250000,249,17046.6827309237,600,47060,0.0025,47250000,1000000,1976.18,15.155986676807446,11812500,220921.126918,967.2956319999939,258.4525265384446
189,test,125000,85,20037.22352941176,5304,49024,0.00125,47250000,1000000,2008.01,0,11812500,221124.779596,203.51404400001047,614.2082263374098
190,train,250000,230,16861.913043478264,548,51732,0.0025,47500000,1000000,2024.74,14.4850825086911,11875000,222091.392317,966.6107709999778,258.63564477082133
190,test,125000,82,16616.73170731707,1452,36244,0.00125,47500000,1000000,2028.83,0,11875000,222294.555816,203.0270020000171,615.6816520395129
191,train,250000,274,14460.496350364967,652,35784,0.0025,47750000,1000000,1948.54,15.075944113844844,11937500,223260.760157,966.2024559999991,258.7449436166619
191,test,125000,97,15598.969072164946,608,36364,0.00125,47750000,1000000,1963.33,0,11937500,223464.09095,203.1170100000163,615.4088227273037
192,train,250000,248,15252.967741935487,1500,51100,0.0025,48000000,1000000,2101.19,15.466142591834643,12000000,224429.835184,965.7423899999994,258.8682060440571
192,test,125000,87,16750.48275862069,1260,35976,0.00125,48000000,1000000,2072.04,0,12000000,224632.930006,202.88835500000278,616.1023879364506
193,train,250000,239,15989.271966527187,696,41584,0.0025,48250000,1000000,1939.27,15.228151608233686,12062500,225599.093648,966.1617960000003,258.7558326514495
193,test,125000,62,14519.354838709678,368,36320,0.00125,48250000,1000000,1980.95,0,12062500,225801.780802,202.5363490000018,617.173167271811
194,train,250000,256,14821.656249999993,416,34084,0.0025,48500000,1000000,2144.56,14.260254459401972,12125000,226767.285606,965.5029379999905,258.93240730874135
194,test,125000,78,12924.410256410252,1696,27308,0.00125,48500000,1000000,2143.83,0,12125000,226969.858546,202.39296900000772,617.6103874438209
195,train,250000,205,16759.785365853655,1240,36256,0.0025,48750000,1000000,2404.07,14.15058217369344,12187500,227935.16442800002,965.3040250000195,258.98576357846946
195,test,125000,82,17422.9756097561,4560,36184,0.00125,48750000,1000000,2388.0,0,12187500,228138.368656,203.021338999999,615.6988256293622
196,train,250000,241,15834.273858921159,4,36392,0.0025,49000000,1000000,2483.23,13.045591449089498,12250000,229103.495521,965.1250019999861,259.0338033746261
196,test,125000,74,16439.08108108108,1440,30108,0.00125,49000000,1000000,2484.11,0,12250000,229306.358982,202.70965400000568,616.6455200007223
197,train,250000,211,15043.317535545018,468,35900,0.0025,49250000,1000000,2294.72,12.575347433596901,12312500,230271.419559,965.0587170000072,259.0515950958434
197,test,125000,128,15769.437499999996,2168,32228,0.00125,49250000,1000000,2272.54,0,12312500,230475.003895,203.37676899999497,614.6228038464074
198,train,250000,233,15627.210300429184,1420,36068,0.0025,49500000,1000000,1899.63,13.965426526613369,12375000,231440.969664,965.9639150000003,258.80883966561
198,test,125000,115,14379.408695652168,824,35552,0.00125,49500000,1000000,1895.94,0,12375000,231644.026737,202.90216699999291,616.0604484820725
199,train,250000,248,15024.193548387097,912,34332,0.0025,49750000,1000000,2225.42,14.183008796572802,12437500,232610.325693,966.2970879999921,258.7196040479034
199,test,125000,56,16543.214285714286,2220,35968,0.00125,49750000,1000000,2297.84,0,12437500,232813.21439900002,202.73164300000644,616.5786364193577
200,train,250000,236,14343.762711864407,4,37028,0.0025,50000000,1000000,2159.33,13.841122663791921,12500000,233778.65699000002,965.4407590000192,258.94908379354536
200,test,125000,139,12164.287769784176,704,31988,0.00125,50000000,1000000,2185.08,0,12500000,233981.450329,202.59247000000323,617.0022015132054
